HG00099	ALT=TTCTTCTTCTTCTTCTTCTTCTTCTTCTTCTTCTTCTTCTTCTTCTTCTTCTTC	MOTIFS={'TTC'}	MOTIF=TTC	STRUC=(TTC)n	ID=DMD_DMD	MC_VCF=['18,27']
HG00099	ALT=TTCTTCTTCTTCTTCTTCTTCTTCTTCTTCTTCTTCTTCTTCTTCTTCTTCTTCTTCTTCTTCTTCTTCTTCTTCTTCTTC	MOTIFS={'TTC'}	MOTIF=TTC	STRUC=(TTC)n	ID=DMD_DMD	MC_VCF=['18,27']
HG00280	ALT=TTCTTCTTCTTCTTCTTCTTCTTCTTCTTCTTCTTCTTCTTCTTCTTCTTCTTCTTCTTCTTC	MOTIFS={'TTC'}	MOTIF=TTC	STRUC=(TTC)n	ID=DMD_DMD	MC_VCF=['21']
HG00323	ALT=TTCTTCTTCTTCTTCTTCTTCTTCTTCTTCTTCTTCTTCTTCTTCTTCTTCTTCTTCTTCTTC	MOTIFS={'TTC'}	MOTIF=TTC	STRUC=(TTC)n	ID=DMD_DMD	MC_VCF=['21,25']
HG00323	ALT=TTCTTCTTCTTCTTCTTCTTCTTCTTCTTCTTCTTCTTCTTCTTCTTCTTCTTCTTCTTCTTCTTCTTCTTCTTC	MOTIFS={'TTC'}	MOTIF=TTC	STRUC=(TTC)n	ID=DMD_DMD	MC_VCF=['21,25']
HG00423	ALT=TTCTTCTTCTTCTTCTTCTTCTTCTTCTTCTTCTTCTTCTTCTTC	MOTIFS={'TTC'}	MOTIF=TTC	STRUC=(TTC)n	ID=DMD_DMD	MC_VCF=['15,23']
HG00423	ALT=TTCTTCTTCTTCTTCTTCTTCTTCTTCTTCTTCTTCTTCTTCTTCTTCTTCTTCTTCTTCTTCTTCTTC	MOTIFS={'TTC'}	MOTIF=TTC	STRUC=(TTC)n	ID=DMD_DMD	MC_VCF=['15,23']
HG00438	ALT=TTCTTCTTCTTCTTCTTCTTCTTCTTCTTCTTCTTCTTCTTCTTCTTCTTCTTCTTCTTCTTCTTCTTCTTC	MOTIFS={'TTC'}	MOTIF=TTC	STRUC=(TTC)n	ID=DMD_DMD	MC_VCF=['24,25']
HG00438	ALT=TTCTTCTTCTTCTTCTTCTTCTTCTTCTTCTTCTTCTTCTTCTTCTTCTTCTTCTTCTTCTTCTTCTTCTTCTTC	MOTIFS={'TTC'}	MOTIF=TTC	STRUC=(TTC)n	ID=DMD_DMD	MC_VCF=['24,25']
HG00544	ALT=TTCTTCTTCTTCTTCTTCTTCTTCTTCTTCTTCTTCTTCTTCTTCTTCTTCTTCTTCTTCTTCTTC	MOTIFS={'TTC'}	MOTIF=TTC	STRUC=(TTC)n	ID=DMD_DMD	MC_VCF=['16,22']
HG00558	ALT=TTCTTCTTCTTCTTCTTCTTCTTCTTCTTCTTCTTCTTCTTCTTCTTCTTCTTCTTCTTCTTCTTC	MOTIFS={'TTC'}	MOTIF=TTC	STRUC=(TTC)n	ID=DMD_DMD	MC_VCF=['22,30']
HG00558	ALT=TTCTTCTTCTTCTTCTTCTTCTTCTTCTTCTTCTTCTTCTTCTTCTTCTTCTTCTTCTTCTTCTTCTTCTTCTTCTTCTTCTTCTTCTTC	MOTIFS={'TTC'}	MOTIF=TTC	STRUC=(TTC)n	ID=DMD_DMD	MC_VCF=['22,30']
HG00609	ALT=TTCTTCTTCTTCTTCTTCTTCTTCTTCTTCTTCTTCTTCTTCTTC	MOTIFS={'TTC'}	MOTIF=TTC	STRUC=(TTC)n	ID=DMD_DMD	MC_VCF=['15']
HG00621	ALT=TTCTTCTTCTTCTTCTTCTTCTTCTTCTTCTTCTTCTTCTTC	MOTIFS={'TTC'}	MOTIF=TTC	STRUC=(TTC)n	ID=DMD_DMD	MC_VCF=['14']
HG00639	ALT=TTCTTCTTCTTCTTCTTCTTCTTCTTCTTCTTCTTCTTCTTCTTCTTCTTCTTCTTCTTCTTCTTCTTCTTC	MOTIFS={'TTC'}	MOTIF=TTC	STRUC=(TTC)n	ID=DMD_DMD	MC_VCF=['24,25']
HG00639	ALT=TTCTTCTTCTTCTTCTTCTTCTTCTTCTTCTTCTTCTTCTTCTTCTTCTTCTTCTTCTTCTTCTTCTTCTTCTTC	MOTIFS={'TTC'}	MOTIF=TTC	STRUC=(TTC)n	ID=DMD_DMD	MC_VCF=['24,25']
HG00642	ALT=TTCTTCTTCTTCTTCTTCTTCTTCTTCTTCTTCTTCTTCTTCTTCTTCTTC	MOTIFS={'TTC'}	MOTIF=TTC	STRUC=(TTC)n	ID=DMD_DMD	MC_VCF=['17']
HG00673	ALT=TTCTTCTTCTTCTTCTTCTTCTTCTTCTTCTTCTTCTTCTTCTTCTTCTTCTTCTTCTTC	MOTIFS={'TTC'}	MOTIF=TTC	STRUC=(TTC)n	ID=DMD_DMD	MC_VCF=['20']
HG00735	ALT=TTCTTCTTCTTCTTCTTCTTCTTCTTCTTCTTCTTCTTCTTCTTCTTCTTCTTCTTCTTCTTCTTC	MOTIFS={'TTC'}	MOTIF=TTC	STRUC=(TTC)n	ID=DMD_DMD	MC_VCF=['22,24']
HG00735	ALT=TTCTTCTTCTTCTTCTTCTTCTTCTTCTTCTTCTTCTTCTTCTTCTTCTTCTTCTTCTTCTTCTTCTTCTTC	MOTIFS={'TTC'}	MOTIF=TTC	STRUC=(TTC)n	ID=DMD_DMD	MC_VCF=['22,24']
HG00738	ALT=TTCTTCTTCTTCTTCTTCTTCTTCTTCTTCTTCTTCTTCTTCTTCTTCTTCTTCTTCTTC	MOTIFS={'TTC'}	MOTIF=TTC	STRUC=(TTC)n	ID=DMD_DMD	MC_VCF=['20']
HG00741	ALT=TTCTTCTTCTTCTTCTTCTTCTTCTTCTTCTTCTTCTTCTTCTTCTTCTTCTTCTTCTTCTTCTTC	MOTIFS={'TTC'}	MOTIF=TTC	STRUC=(TTC)n	ID=DMD_DMD	MC_VCF=['22,26']
HG00741	ALT=TTCTTCTTCTTCTTCTTCTTCTTCTTCTTCTTCTTCTTCTTCTTCTTCTTCTTCTTCTTCTTCTTCTTCTTCTTCTTC	MOTIFS={'TTC'}	MOTIF=TTC	STRUC=(TTC)n	ID=DMD_DMD	MC_VCF=['22,26']
HG01071	ALT=TTCTTCTTCTTCTTCTTCTTCTTCTTCTTCTTC	MOTIFS={'TTC'}	MOTIF=TTC	STRUC=(TTC)n	ID=DMD_DMD	MC_VCF=['11,21']
HG01071	ALT=TTCTTCTTCTTCTTCTTCTTCTTCTTCTTCTTCTTCTTCTTCTTCTTCTTCTTCTTCTTCTTC	MOTIFS={'TTC'}	MOTIF=TTC	STRUC=(TTC)n	ID=DMD_DMD	MC_VCF=['11,21']
HG01081	ALT=TTCTTCTTCTTCTTCTTCTTCTTCTTCTTCTTCTTCTTCTTCTTCTTCTTCTTCTTCTTCTTCTTC	MOTIFS={'TTC'}	MOTIF=TTC	STRUC=(TTC)n	ID=DMD_DMD	MC_VCF=['22,24']
HG01081	ALT=TTCTTCTTCTTCTTCTTCTTCTTCTTCTTCTTCTTCTTCTTCTTCTTCTTCTTCTTCTTCTTCTTCTTCTTC	MOTIFS={'TTC'}	MOTIF=TTC	STRUC=(TTC)n	ID=DMD_DMD	MC_VCF=['22,24']
HG01099	ALT=TTCTTCTTCTTCTTCTTCTTCTTATTCTTCTTCTTCTTCTTCTTCTTCTTCTTCTTCTTCTTCTTCTTCTTCTTC	MOTIFS={'TTC'}	MOTIF=TTC	STRUC=(TTC)n	ID=DMD_DMD	MC_VCF=['25']
HG01106	ALT=TTCTTCTTCTTCTTCTTCTTCTTCTTCTTCTTCTTCTTCTTCTTCTTCTTCTTCTTCTTCTTCTTCTTCTTCTTC	MOTIFS={'TTC'}	MOTIF=TTC	STRUC=(TTC)n	ID=DMD_DMD	MC_VCF=['25']
HG01123	ALT=TTCTTCTTCTTCTTCTTCTTCTTCTTCTTCTTCTTC	MOTIFS={'TTC'}	MOTIF=TTC	STRUC=(TTC)n	ID=DMD_DMD	MC_VCF=['12,12']
HG01175	ALT=TTCTTCTTCTTCTTCTTCTTCTTCTTCTTCTTCTTCTTCTTCTTCTTCTTCTTCTTCTTCTTCTTC	MOTIFS={'TTC'}	MOTIF=TTC	STRUC=(TTC)n	ID=DMD_DMD	MC_VCF=['22,26']
HG01175	ALT=TTCTTCTTCTTCTTCTTCTTCTTCTTCTTCTTCTTCTTCTTCTTCTTCTTCTTCTTCTTCTTCTTCTTCTTCTTCTTC	MOTIFS={'TTC'}	MOTIF=TTC	STRUC=(TTC)n	ID=DMD_DMD	MC_VCF=['22,26']
HG01255	ALT=TTCTTCTTCTTCTTCTTCTTCTTCTTCTTC	MOTIFS={'TTC'}	MOTIF=TTC	STRUC=(TTC)n	ID=DMD_DMD	MC_VCF=['10']
HG01258	ALT=TTCTTCTTCTTCTTCTTCTTCTTCTTCTTCTTCTTCTTCTTCTTCTTCTTCTTCTTCTTC	MOTIFS={'TTC'}	MOTIF=TTC	STRUC=(TTC)n	ID=DMD_DMD	MC_VCF=['20']
HG01261	ALT=TTCTTCTTCTTCTTCTTCTTCTTCTTCTTCTTCTTCTTCTTCTTCTTCTTCTTCTTCTTCTTCTTCTTC	MOTIFS={'TTC'}	MOTIF=TTC	STRUC=(TTC)n	ID=DMD_DMD	MC_VCF=['23']
HG01346	ALT=TTCTTCTTCTTCTTCTTCTTCTTCTTCTTCTTCTTCTTCTTCTTCTTCTTCTTCTTCTTCTTC	MOTIFS={'TTC'}	MOTIF=TTC	STRUC=(TTC)n	ID=DMD_DMD	MC_VCF=['16,21']
HG01358	ALT=TTCTTCTTCTTCTTCTTCTTCTTCTTCTTCTTCTTCTTCTTCTTCTTCTTCTTCTTCTTCTTC	MOTIFS={'TTC'}	MOTIF=TTC	STRUC=(TTC)n	ID=DMD_DMD	MC_VCF=['21']
HG01361	ALT=TTCTTCTTCTTCTTCTTCTTCTTCTTCTTCTTC	MOTIFS={'TTC'}	MOTIF=TTC	STRUC=(TTC)n	ID=DMD_DMD	MC_VCF=['11,12']
HG01361	ALT=TTCTTCTTCTTCTTCTTCTTCTTCTTCTTCTTCTTC	MOTIFS={'TTC'}	MOTIF=TTC	STRUC=(TTC)n	ID=DMD_DMD	MC_VCF=['11,12']
HG01433	ALT=TTCTTCTTCTTCTTCTTCTTCTTCTTCTTCTTCTTCTTCTTCTTCTTCTTCTTCTTCTTCTTCTTC	MOTIFS={'TTC'}	MOTIF=TTC	STRUC=(TTC)n	ID=DMD_DMD	MC_VCF=['22']
HG01496	ALT=TTCTTCTTCTTCTTCTTCTTCTTCTTCTTCTTCTTCTTCTTCTTCTTCTTCTTCTTCTTC	MOTIFS={'TTC'}	MOTIF=TTC	STRUC=(TTC)n	ID=DMD_DMD	MC_VCF=['20,23']
HG01496	ALT=TTCTTCTTCTTCTTCTTCTTCTTCTTCTTCTTCTTCTTCTTCTTCTTCTTCTTCTTCTTCTTCTTCTTC	MOTIFS={'TTC'}	MOTIF=TTC	STRUC=(TTC)n	ID=DMD_DMD	MC_VCF=['20,23']
HG01884	ALT=TTCTTCTTCTTCTTCTTCTTCTTCTTCTTCTTCTTCTTCTTC	MOTIFS={'TTC'}	MOTIF=TTC	STRUC=(TTC)n	ID=DMD_DMD	MC_VCF=['14,14']
HG01891	ALT=TTCTTCTTCTTCTTCTTCTTCTTCTTCTTCTTCTTCTTCTTCTTCTTCTTCTTCTTC	MOTIFS={'TTC'}	MOTIF=TTC	STRUC=(TTC)n	ID=DMD_DMD	MC_VCF=['19,29']
HG01891	ALT=TTCTTCTTCTTCTTCTTCTTCTTCTTCTTCTTCTTCTTCTTCTTCTTCTTCTTCTTCTTCTTCTTCTTCTTCTTCTTCTTCTTCTTC	MOTIFS={'TTC'}	MOTIF=TTC	STRUC=(TTC)n	ID=DMD_DMD	MC_VCF=['19,29']
HG01928	ALT=TTCTTCTTCTTCTTCTTCTTCTTCTTCTTCTTCTTCTTCTTCTTCTTCTTCTTCTTCTTCTTCTTCTTCTTC	MOTIFS={'TTC'}	MOTIF=TTC	STRUC=(TTC)n	ID=DMD_DMD	MC_VCF=['24']
HG01934	ALT=TTCTTCTTCTTCTTCTTCTTCTTCTTCTTCTTCTTCTTCTTCTTC	MOTIFS={'TTC'}	MOTIF=TTC	STRUC=(TTC)n	ID=DMD_DMD	MC_VCF=['15']
HG01943	ALT=TTCTTCTTCTTCTTCTTCTTCTTCTTCTTCTTCTTCTTCTTCTTCTTCTTCTTCTTCTTCTTCTTCTTCTTCTTCTTCTTCTTCTTC	MOTIFS={'TTC'}	MOTIF=TTC	STRUC=(TTC)n	ID=DMD_DMD	MC_VCF=['29']
HG01952	ALT=TTCTTCTTCTTCTTCTTCTTCTTCTTCTTCTTCTTCTTCTTCTTC	MOTIFS={'TTC'}	MOTIF=TTC	STRUC=(TTC)n	ID=DMD_DMD	MC_VCF=['15']
HG01975	ALT=TTCTTCTTCTTCTTCTTCTTCTTCTTCTTCTTCTTCTTC	MOTIFS={'TTC'}	MOTIF=TTC	STRUC=(TTC)n	ID=DMD_DMD	MC_VCF=['13,26']
HG01975	ALT=TTCTTCTTCTTCTTCTTCTTCTTCTTCTTCTTCTTCTTCTTCTTCTTCTTCTTCTTCTTCTTCTTCTTCTTCTTCTTC	MOTIFS={'TTC'}	MOTIF=TTC	STRUC=(TTC)n	ID=DMD_DMD	MC_VCF=['13,26']
HG01978	ALT=TTCTTCTTCTTCTTCTTCTTCTTCTTCTTCTTCTTCTTCTTCTTC	MOTIFS={'TTC'}	MOTIF=TTC	STRUC=(TTC)n	ID=DMD_DMD	MC_VCF=['15,25']
HG01978	ALT=TTCTTCTTCTTCTTCTTCTTCTTCTTCTTCTTCTTCTTCTTCTTCTTCTTCTTCTTCTTCTTCTTCTTCTTCTTC	MOTIFS={'TTC'}	MOTIF=TTC	STRUC=(TTC)n	ID=DMD_DMD	MC_VCF=['15,25']
HG01981	ALT=TTCTTCTTCTTCTTCTTCTTCTTCTTCTTCTTCTTCTTC	MOTIFS={'TTC'}	MOTIF=TTC	STRUC=(TTC)n	ID=DMD_DMD	MC_VCF=['13,27']
HG01981	ALT=TTCTTCTTCTTCTTCTTCTTCTTCTTCTTCTTCTTCTTCTTCTTCTTCTTCTTCTTCTTCTTCTTCTTCTTCTTCTTCTTC	MOTIFS={'TTC'}	MOTIF=TTC	STRUC=(TTC)n	ID=DMD_DMD	MC_VCF=['13,27']
HG01993	ALT=TTCTTCTTCTTCTTCTTCTTCTTCTTCTTCTTCTTCTTCTTCTTC	MOTIFS={'TTC'}	MOTIF=TTC	STRUC=(TTC)n	ID=DMD_DMD	MC_VCF=['15,27']
HG01993	ALT=TTCTTCTTCTTCTTCTTCTTCTTCTTCTTCTTCTTCTTCTTCTTCTTCTTCTTCTTCTTCTTCTTCTTCTTCTTCTTCTTC	MOTIFS={'TTC'}	MOTIF=TTC	STRUC=(TTC)n	ID=DMD_DMD	MC_VCF=['15,27']
HG02004	ALT=TTCTTCTTCTTCTTCTTCTTCTTCTTCTTCTTCTTC	MOTIFS={'TTC'}	MOTIF=TTC	STRUC=(TTC)n	ID=DMD_DMD	MC_VCF=['12,13']
HG02004	ALT=TTCTTCTTCTTCTTCTTCTTCTTCTTCTTCTTCTTCTTC	MOTIFS={'TTC'}	MOTIF=TTC	STRUC=(TTC)n	ID=DMD_DMD	MC_VCF=['12,13']
HG02027	ALT=TTCTTCTTCTTCTTCTTCTTCTTCTTCTTCTTCTTCTTCTTCTTCTTCTTCTTCTTCTTCTTC	MOTIFS={'TTC'}	MOTIF=TTC	STRUC=(TTC)n	ID=DMD_DMD	MC_VCF=['21']
HG02040	ALT=TTCTTCTTCTTCTTCTTCTTCTTCTTCTTCTTCTTCTTCTTCTTCTTCTTCTTCTTCTTC	MOTIFS={'TTC'}	MOTIF=TTC	STRUC=(TTC)n	ID=DMD_DMD	MC_VCF=['20']
HG02056	ALT=TTCTTCTTCTTCTTCTTCTTCTTCTTCTTCTTCTTCTTCTTC	MOTIFS={'TTC'}	MOTIF=TTC	STRUC=(TTC)n	ID=DMD_DMD	MC_VCF=['14']
HG02071	ALT=TTCTTCTTCTTCTTCTTCTTCTTCTTCTTCTTCTTCTTCTTCTTCTTCTTCTTCTTCTTCTTCTTCTTCTTCTTCTTCTTC	MOTIFS={'TTC'}	MOTIF=TTC	STRUC=(TTC)n	ID=DMD_DMD	MC_VCF=['27']
HG02074	ALT=TTCTTCTTCTTCTTCTTCTTCTTCTTCTTCTTCTTCTTCTTCTTCTTCTTCTTCTTCTTCTTCTTCTTCTTC	MOTIFS={'TTC'}	MOTIF=TTC	STRUC=(TTC)n	ID=DMD_DMD	MC_VCF=['24']
HG02083	ALT=TTCTTCTTCTTCTTCTTCTTCTTCTTCTTCTTCTTCTTCTTCTTCTTCTTCTTCTTCTTCTTCTTCTTCTTC	MOTIFS={'TTC'}	MOTIF=TTC	STRUC=(TTC)n	ID=DMD_DMD	MC_VCF=['24']
HG02132	ALT=TTCTTCTTCTTCTTCTTCTTCTTCTTCTTCTTCTTCTTCTTCTTCTTCTTCTTCTTCTTC	MOTIFS={'TTC'}	MOTIF=TTC	STRUC=(TTC)n	ID=DMD_DMD	MC_VCF=['20']
HG02135	ALT=TTCTTCTTCTTCTTCTTCTTCTTCTTCTTCTTCTTCTTCTTCTTCTTCTTCTTCTTCTTCTTCTTCTTCTTCTTCTTCTTCTTCTTCTTC	MOTIFS={'TTC'}	MOTIF=TTC	STRUC=(TTC)n	ID=DMD_DMD	MC_VCF=['30']
HG02148	ALT=TTCTTCTTCTTCTTCTTCTTCTTCTTCTTCTTCTTCTTCTTCTTCTTCTTCTTCTTCTTCTTC	MOTIFS={'TTC'}	MOTIF=TTC	STRUC=(TTC)n	ID=DMD_DMD	MC_VCF=['21,28']
HG02148	ALT=TTCTTCTTCTTCTTCTTCTTCTTCTTCTTCTTCTTCTTCTTCTTCTTCTTCTTCTTCTTCTTCTTCTTCTTCTTCTTCTTCTTC	MOTIFS={'TTC'}	MOTIF=TTC	STRUC=(TTC)n	ID=DMD_DMD	MC_VCF=['21,28']
HG02257	ALT=TTCTTCTTCTTCTTCTTCTTCTTCTTCTTCTTCTTCTTCTTCTTCTTCTTCTTCTTC	MOTIFS={'TTC'}	MOTIF=TTC	STRUC=(TTC)n	ID=DMD_DMD	MC_VCF=['19,22']
HG02257	ALT=TTCTTCTTCTTCTTCTTCTTCTTCTTCTTCTTCTTCTTCTTCTTCTTCTTCTTCTTCTTCTTCTTC	MOTIFS={'TTC'}	MOTIF=TTC	STRUC=(TTC)n	ID=DMD_DMD	MC_VCF=['19,22']
HG02273	ALT=TTCTTCTTCTTCTTCTTCTTCTTCTTCTTCTTCTTCTTCTTCTTCTTCTTCTTCTTCTTC	MOTIFS={'TTC'}	MOTIF=TTC	STRUC=(TTC)n	ID=DMD_DMD	MC_VCF=['20,20']
HG02280	ALT=TTCTTCTTCTTCTTCTTCTTCTTCTTCTTCTTCTTCTTCTTCTTCTTCTTCTTCTTCTTCTTCTTC	MOTIFS={'TTC'}	MOTIF=TTC	STRUC=(TTC)n	ID=DMD_DMD	MC_VCF=['22,113']
HG02280	ALT=TTCTTCTTCTTCTTCTTCTTCTTCTTCTTCTTCTTCTTCTTCTTCTTCTTCTTCTTCTTCTTCTTCTTCTTCTTCTTCTTCTTCTTCTTCTTCTTCTTCTTCTTTTCTTCTTCTTCTTCTTCTTCTTCTTCTTCTTCTTCTTCTTCTTCTTCTTCTTCTTCTTCTTCTTCTTCTTCTTCTTCTTCTTCTTCTTCTTCTTCTTCTTCTTCTTCTTCTTCTTCTTCTTCTTCTTCTTCTTCTTCTTCTTCTTCTTCTTCTTCTTCTTCTTCTTCTTCTTCTTCTTCTTCTTCTTCTTCTTCTTCTTCTTCTTCTTCTTCTTCTTCTTCTTCTTCTTCTTC	MOTIFS={'TTC'}	MOTIF=TTC	STRUC=(TTC)n	ID=DMD_DMD	MC_VCF=['22,113']
HG02293	ALT=TTCTTCTTCTTCTTCTTCTTCTTCTTCTTCTTCTTCTTCTTCTTCTTCTTCTTC	MOTIFS={'TTC'}	MOTIF=TTC	STRUC=(TTC)n	ID=DMD_DMD	MC_VCF=['18,24']
HG02293	ALT=TTCTTCTTCTTCTTCTTCTTCTTCTTCTTCTTCTTCTTCTTCTTCTTCTTCTTCTTCTTCTTCTTCTTCTTC	MOTIFS={'TTC'}	MOTIF=TTC	STRUC=(TTC)n	ID=DMD_DMD	MC_VCF=['18,24']
HG02300	ALT=TTCTTCTTCTTCTTCTTCTTCTTCTTCTTCTTCTTCTTCTTCTTCTTCTTCTTCTTCTTC	MOTIFS={'TTC'}	MOTIF=TTC	STRUC=(TTC)n	ID=DMD_DMD	MC_VCF=['20']
HG02486	ALT=TTCTTCTTCTTCTTCTTCTTCTTCTTCTTCTTCTTCTTCTTCTTCTTCTTCTTCTTCTTCTTCTTCTTC	MOTIFS={'TTC'}	MOTIF=TTC	STRUC=(TTC)n	ID=DMD_DMD	MC_VCF=['23']
HG02523	ALT=TTCTTCTTCTTCTTCTTCTTCTTCTTCTTCTTCTTCTTCTTCTTCTTCTTCTTCTTC	MOTIFS={'TTC'}	MOTIF=TTC	STRUC=(TTC)n	ID=DMD_DMD	MC_VCF=['19,28']
HG02523	ALT=TTCTTCTTCTTCTTCTTCTTCTTCTTCTTCTTCTTCTTCTTCTTCTTCTTCTTCTTCTTCTTCTTCTTCTTCTTCTTCTTCTTC	MOTIFS={'TTC'}	MOTIF=TTC	STRUC=(TTC)n	ID=DMD_DMD	MC_VCF=['19,28']
HG02559	ALT=TTCTTCTTCTTCTTCTTCTTCTTCTTCTTCTTCTTCTTCTTCTTCTTCTTCTTCTTCTTCTTCTTCTTCTTCTTCTTCTTCTTCTTCTTCTTCTTCTTCTTCTTCTTCTTCTTCTTCTTCTTCTTCTTCTTCTTCTTCTTCTTCTTCTTCTTCTTCTTCTTCTTCTTCTTCTTCTTCTTCTTCTTCTTCTTCTTCTTCTTCTTCTTCTTCTTCTTCTTCTTCTTCTTCTTCTTCTTCTTCTTCTTCTTCTTC	MOTIFS={'TTC'}	MOTIF=TTC	STRUC=(TTC)n	ID=DMD_DMD	MC_VCF=['84,117']
HG02559	ALT=TTCTTCTTCTTCTTCTTCTTCTTCTTCCTTCTTCTTCTTCTTCTTCTTCTTCTTCTTCTTCTTCTTCTTCTTCTTCTTCTTCTTCTTCTTCTTCTTCTTCTTCTTCTTCTTCTTCTTCTTCTTCTTCTTCTTCTTCTTCTTCTTCTTCTTCTTCTTCTTCTTCTTCTTCTTCTTCTTCTTCTTCTTCTTCTTCTTCTTCTTCTTCTTCTTCTTCTTCTTTTTCTTCTTCTTCTTCTTCTTCTTCTTCTTCTTCTTCTTCTTCTTCTTCTTCTTCTTTCTTCTTCTTCTTCTTCTTCTTCTTCTTCTTCTTCTTCCTTCTTCTTCTTCTTCTTCTTCTTCTTCTCTTC	MOTIFS={'TTC'}	MOTIF=TTC	STRUC=(TTC)n	ID=DMD_DMD	MC_VCF=['84,117']
HG02572	ALT=TTCTTCTTCTTCTTCTTCTTCTTCTTCTTCTTCTTCTTCTTCTTCTTCTTCTTCTTCTTCTTCTTCTTC	MOTIFS={'TTC'}	MOTIF=TTC	STRUC=(TTC)n	ID=DMD_DMD	MC_VCF=['23']
HG02602	ALT=TTCTTCTTCTTCTTCTTCTTCTTCTTCTTCTTCTTCTTCTTCTTC	MOTIFS={'TTC'}	MOTIF=TTC	STRUC=(TTC)n	ID=DMD_DMD	MC_VCF=['15']
HG02615	ALT=TTCTTCTTCTTCTTCTTCTTCTTCTTCTTCTTCTTCTTCTTCTTCTTCTTCTTCTTCTTCTTC	MOTIFS={'TTC'}	MOTIF=TTC	STRUC=(TTC)n	ID=DMD_DMD	MC_VCF=['21,22']
HG02615	ALT=TTCTTCTTCTTCTTCTTCTTCTTCTTCTTCTTCTTCTTCTTCTTCTTCTTCTTCTTCTTCTTCTTC	MOTIFS={'TTC'}	MOTIF=TTC	STRUC=(TTC)n	ID=DMD_DMD	MC_VCF=['21,22']
HG02622	ALT=TTCTTCTTCTTCTTCTTCTTCTTCTTCTTCTTCTTCTTCTTCTTCTTCTTCTTCTTCTTCTTCTTCTTCTTCTTCTTCTTTTCTTCTTCTTCTTCTTCTTCTTCTTCTTCTTCTTCTTCTTCTTCTTCTTCTTCTTCTTCTTCTTCTTCTTCTTCTTCTTCTTCTTCTTCTTCTTC	MOTIFS={'TTC'}	MOTIF=TTC	STRUC=(TTC)n	ID=DMD_DMD	MC_VCF=['59,147']
HG02622	ALT=TTCTTCTTCTTCTTCTTCTTCTTCCTTCTTCTTCTCTTTCTTCTTCTTCTTCTTCTTCTTCTTCTTCTTCTTCTTCTTCTTCTTCTTCTTCTTCTTCTTCTTCTTCTTCTTCTTCTTCTTCTTCTTCTTCTTCTTCTTCTTCTTCTTCTTCTTCTTCTTCTTCTTCTTCTTCTTCTTCTTCTTCTTCTTCTTCTTCTCTTCTTCTTCTTCTTCTTCTTCTTCTTCTCTTCTTCTTCTTCTTCTTCTTCTTCTTCTTCTTCTTCTTCTTTCTTCTTCTTCTTCTTCTTCTTCTTCTTCTTCTTCTTCTTCTTCTTCTTCTTCTTCTTCTTCTTCTTCTTCTTCTTCTTCTTCTTCTTCTTCTTCTTCTTCTTCTTCTTCTTCTTCTTCTTCTTCTTCTTCTTCTTCTTCTTCTTCTTCTTCTTCTTCTTCTTCTTCTTC	MOTIFS={'TTC'}	MOTIF=TTC	STRUC=(TTC)n	ID=DMD_DMD	MC_VCF=['59,147']
HG02630	ALT=TTCTTCTTCTTCTTCTTCTTCTTCTTCTTCTTCTTCTTCTTCTTCTTCTTCTTCTTCTTCTTCTTCTTCTTC	MOTIFS={'TTC'}	MOTIF=TTC	STRUC=(TTC)n	ID=DMD_DMD	MC_VCF=['24,103']
HG02630	ALT=TTCTTCTTCTTCTTCTTCTTCTTCTTCTTCTTCTTCTTCTTCTTCTTCTTCTTCTTCTTCTTCTTCTTCTTCTTCTTTTCCTCTTCTTCTTCTTCTTCTTCTTCTTCTTCTTCTTCTTCTTCTTCTTCTTCTTCTTCTTCTTCTTCTTCTTCTTCTTCTTCTTCTTCTTCTTCTTCTTCTTCTTCTTCTTCTTCTTCTTCTTCTTCTTCTTCTTCTTCTTCTTCTCTTCTTCTTCTTCTTCTTCTTCTTCTTCTTCTTCTTCTTCTTCTTCTTCTTCTTCTTCTTCTCTTCTTCTTCTTCTTCTTCTTC	MOTIFS={'TTC'}	MOTIF=TTC	STRUC=(TTC)n	ID=DMD_DMD	MC_VCF=['24,103']
HG02647	ALT=TTCTTCTTCTTCTTCTTCTTCTTCTTCTTCTTCTTCTTCTTCTTCTTCTTC	MOTIFS={'TTC'}	MOTIF=TTC	STRUC=(TTC)n	ID=DMD_DMD	MC_VCF=['17']
HG02683	ALT=TTCTTCTTCTTCTTCTTCTTCTTCTTCTTCTTCTTCTTCTTCTTCTTCTTCTTCTTCTTC	MOTIFS={'TTC'}	MOTIF=TTC	STRUC=(TTC)n	ID=DMD_DMD	MC_VCF=['20,20']
HG02698	ALT=TTCTTCTTCTTCTTCTTCTTCTTCTTCTTCTTCTTCTTC	MOTIFS={'TTC'}	MOTIF=TTC	STRUC=(TTC)n	ID=DMD_DMD	MC_VCF=['13']
HG02717	ALT=TTCTTCTTCTTCTTCTTCTTCTTCTTCTTCTTCTTC	MOTIFS={'TTC'}	MOTIF=TTC	STRUC=(TTC)n	ID=DMD_DMD	MC_VCF=['12']
HG02738	ALT=TTCTTCTTCTTCTTCTTCTTCTTCTTCTTCTTCTTCTTCTTCTTCTTCTTCTTCTTCTTC	MOTIFS={'TTC'}	MOTIF=TTC	STRUC=(TTC)n	ID=DMD_DMD	MC_VCF=['20']
HG02809	ALT=TTCTTCTTCTTCTTCTTCTTCTTCTTCTTCTTCTTCTTCTTCTTCTTCTTCTTCTTCTTC	MOTIFS={'TTC'}	MOTIF=TTC	STRUC=(TTC)n	ID=DMD_DMD	MC_VCF=['20,23']
HG02809	ALT=TTCTTCTTCTTCTTCTTCTTCTTCTTCTTCTTCTTCTTCTTCTTCTTCTTCTTCTTCTTCTTCTTCTTC	MOTIFS={'TTC'}	MOTIF=TTC	STRUC=(TTC)n	ID=DMD_DMD	MC_VCF=['20,23']
HG02886	ALT=TTCTTCTTCTTCTTCTTCTTCTTCTTCTTCTTCTTCTTCTTCTTC	MOTIFS={'TTC'}	MOTIF=TTC	STRUC=(TTC)n	ID=DMD_DMD	MC_VCF=['15,19']
HG02886	ALT=TTCTTCTTCTTCTTCTTCTTCTTCTTCTTCTTCTTCTTCTTCTTCTTCTTCTTCTTC	MOTIFS={'TTC'}	MOTIF=TTC	STRUC=(TTC)n	ID=DMD_DMD	MC_VCF=['15,19']
HG02965	ALT=TTCTTCTTCTTCTTCTTCTTCTTCTTCTTCTTCTTCTTCTTCTTCTTCTTCTTCTTC	MOTIFS={'TTC'}	MOTIF=TTC	STRUC=(TTC)n	ID=DMD_DMD	MC_VCF=['19']
HG02976	ALT=TTCTTCTTCTTCTTCTTCTTCTTCTTCTTCTTCTTCTTCTTCTTCTTCTTCTTCTTCTTCTTCTTC	MOTIFS={'TTC'}	MOTIF=TTC	STRUC=(TTC)n	ID=DMD_DMD	MC_VCF=['22,72']
HG02976	ALT=TTCTTCTTCTTCTTCTTCTTCTTCTTCTTCTTCCTTCTTTCTTCTTCTTCTTCTTCTTCTTCTTCTTCTTCTTCTTCTTCTTCTTCTTCTTCTTCTTCTTCTTCTTCTTCTTCTTCTTCTTCTTCTTCTTCTTCTTCTTCTTCTTCTTCTTCTTCTTCTTCTTCTTCTTCTTCTTCTTCTTCTTCTTCTTCTTCTTCTTCTTCTTCTTCTTT	MOTIFS={'TTC'}	MOTIF=TTC	STRUC=(TTC)n	ID=DMD_DMD	MC_VCF=['22,72']
HG03017	ALT=TTCTTCTTCTTCTTCTTCTTCTTCTTCTTCTTCTTCTTCTTCTTCTTCTTCTTCTTCTTC	MOTIFS={'TTC'}	MOTIF=TTC	STRUC=(TTC)n	ID=DMD_DMD	MC_VCF=['20']
HG03041	ALT=TTCTTCTTCTTCTTCTTCTTCTTCTTCTTCTTCTTCTTCTTCTTCTTCTTCTTCTTCTTCTTCTTCTTC	MOTIFS={'TTC'}	MOTIF=TTC	STRUC=(TTC)n	ID=DMD_DMD	MC_VCF=['23,85']
HG03041	ALT=TTTTTCTTCTTCTTCTTCTTTCTTCTTCCTTCTTCTTCTTCTTCTTCTTCTTCTTCTTCTTCTTCTTCTTCTTCTTCTTCTTCTTCTTCTTCTTCTTCTTCTTCTTCTTCTTCTTCTTCTTCTTCTTCTTCTTCTTCTTCTTCTTCTTCTTCTTCTTCTTCTTCTTCTTCTTCTTCTTCTTCTTCTTCTTCTTCTTCTTCTTCTTCTTCTTCTTCTTCTCTTCTTCTTCTTCTTCTTCTTCTTCTTCTTCTT	MOTIFS={'TTC'}	MOTIF=TTC	STRUC=(TTC)n	ID=DMD_DMD	MC_VCF=['23,85']
HG03130	ALT=TTCTTCTTCTTCTTCTTCTTCTTCTTCTTCTTCTTCTTC	MOTIFS={'TTC'}	MOTIF=TTC	STRUC=(TTC)n	ID=DMD_DMD	MC_VCF=['13']
HG03195	ALT=TTCTTCTTCTTCTTCTTCTTCTTCTTCTTCTTCTTCTTC	MOTIFS={'TTC'}	MOTIF=TTC	STRUC=(TTC)n	ID=DMD_DMD	MC_VCF=['13,18']
HG03195	ALT=TTCTTCTTCTTCTTCTTCTTCTTCTTCTTCTTCTTCTTCTTCTTCTTCTTCTTC	MOTIFS={'TTC'}	MOTIF=TTC	STRUC=(TTC)n	ID=DMD_DMD	MC_VCF=['13,18']
HG03209	ALT=TTCTTCTTCTTCTTCTTCTTCTTCTTCTTCTTCTTCTTCTTCTTCTTCTTC	MOTIFS={'TTC'}	MOTIF=TTC	STRUC=(TTC)n	ID=DMD_DMD	MC_VCF=['17']
HG03239	ALT=TTCTTCTTCTTCTTCTTCTTCTTCTTCTTCTTCTTC	MOTIFS={'TTC'}	MOTIF=TTC	STRUC=(TTC)n	ID=DMD_DMD	MC_VCF=['12,18']
HG03239	ALT=TTCTTCTTCTTCTTCTTCTTCTTCTTCTTCTTCTTCTTCTTCTTCTTCTTCTTC	MOTIFS={'TTC'}	MOTIF=TTC	STRUC=(TTC)n	ID=DMD_DMD	MC_VCF=['12,18']
HG03453	ALT=TTCTTCTTCTTCTTCTTCTTCTTCTTCTTCTTCTTCTTCTTCTTCTTCTTCTTCTTC	MOTIFS={'TTC'}	MOTIF=TTC	STRUC=(TTC)n	ID=DMD_DMD	MC_VCF=['19,21']
HG03453	ALT=TTCTTCTTCTTCTTCTTCTTCTTCTTCTTCTTCTTCTTCTTCTTCTTCTTCTTCTTCTTCTTC	MOTIFS={'TTC'}	MOTIF=TTC	STRUC=(TTC)n	ID=DMD_DMD	MC_VCF=['19,21']
HG03471	ALT=TTCTTCTTCTTCTTCTTCTTCTTCTTCTTCTTCTTC	MOTIFS={'TTC'}	MOTIF=TTC	STRUC=(TTC)n	ID=DMD_DMD	MC_VCF=['12']
HG03516	ALT=TTCTTCTTCTTCTTCTTCTTCTTCTTCTTCTTCTTC	MOTIFS={'TTC'}	MOTIF=TTC	STRUC=(TTC)n	ID=DMD_DMD	MC_VCF=['12,97']
HG03516	ALT=TTCTTCTTCTTCTTCTTCTTCTTCTTCTTCTTCTTCTTCTTCTTCTTCTTCTTCTTCTTCTTCTTCTTCTTCCTCTTCTTCTTCTTCTTCCTCTTCCTCTTCCTCTTCCTCTTCCTCTTCCTCTTCCTCTTCCTCTTCCTCTTCCTCTTCCTCTTCCTCTTCCTCTTCCTCTTCTTCTTCCTCTTCTTCTTCTTCTTCCTCTTCTTCTTCCTCTTCCTCTTCTTCTTCCTCTTCTTCTTCTTCTTCTTCTTCTTCTTCTTCTTCTTCTTCTTCTTCTTCTTCTTCTTC	MOTIFS={'TTC'}	MOTIF=TTC	STRUC=(TTC)n	ID=DMD_DMD	MC_VCF=['12,97']
HG03540	ALT=TTCTTCTTCTTCTTCTTCTTCTTCTTCTTCTTCTTCTTC	MOTIFS={'TTC'}	MOTIF=TTC	STRUC=(TTC)n	ID=DMD_DMD	MC_VCF=['13,83']
HG03540	ALT=TTCTTCTTCTTCTTCTTCTTCTTCTTCTTCTTCTTCTTCTTTCTTCTTCTTCTTCTTCTTCTTCTTCTTCTTCTTCTTCTTCTTCTTCTTCTTCTTCTTCTTCTTCTTCTTCTTCTTCTTCTTCTTCTTCTTCTTCTTCTTCTTCTTCTTCTTCTTCTTCTTCTTCTTCTTCTTCTTCTTCTTCTTCTTCTTCTTCTTCTTCTTCTTCTTCTTCTTCTTCTTCTTCTTCTTCTTCTTCTTCTTCTTC	MOTIFS={'TTC'}	MOTIF=TTC	STRUC=(TTC)n	ID=DMD_DMD	MC_VCF=['13,83']
HG03579	ALT=TTTTTCTTCTTCTTCTTCTTTCTTCTTCCTTCTTCCTTCTTCTTCTTCTTCTTCTTCTTCTTCTTCTTCTTCTTCTTCTTCTTCTTCTTCTTCTTCTTCTTCTTCTTCTTCTTCTTCTTCTTCTTCTTCTTCTTCTTCTTCTTCTTCTTCTTCTTCTTCTTCTTCTTCTTCTTCTTCTTCTTCTTCTTCTTCTTCTTCTTCTTCTTCTTCTTCTTCTTCTTCTTCTTCTTCTTCTTCTTCTTCTTCTTCTTCTTCTTCTTCTTCTTCTTCTTCTTCTTCTTCTTCTTCTTCTTCTTCTTCTTC	MOTIFS={'TTC'}	MOTIF=TTC	STRUC=(TTC)n	ID=DMD_DMD	MC_VCF=['102']
HG03654	ALT=TTCTTCTTCTTCTTCTTCTTCTTCTTCTTCTTCTTCTTCTTCTTCTTCTTCTTCTTCTTCTTC	MOTIFS={'TTC'}	MOTIF=TTC	STRUC=(TTC)n	ID=DMD_DMD	MC_VCF=['21']
HG03669	ALT=TTCTTCTTCTTCTTCTTCTTCTTCTTCTTCTTCTTCTTCTTCTTCTTCTTCTTCTTCTTCTTCTTC	MOTIFS={'TTC'}	MOTIF=TTC	STRUC=(TTC)n	ID=DMD_DMD	MC_VCF=['22,23']
HG03669	ALT=TTCTTCTTCTTCTTCTTCTTCTTCTTCTTCTTCTTCTTCTTCTTCTTCTTCTTCTTCTTCTTCTTCTTC	MOTIFS={'TTC'}	MOTIF=TTC	STRUC=(TTC)n	ID=DMD_DMD	MC_VCF=['22,23']
HG03688	ALT=TTCTTCTTCTTCTTCTTCTTCTTCTTCTTCTTCTTCTTCTTCTTCTTCTTCTTC	MOTIFS={'TTC'}	MOTIF=TTC	STRUC=(TTC)n	ID=DMD_DMD	MC_VCF=['18']
HG03710	ALT=TTCTTCTTCTTCTTCTTCTTCTTCTTCTTCTTCTTCTTCTTCTTCTTCTTCTTCTTCTTCTTCTTC	MOTIFS={'TTC'}	MOTIF=TTC	STRUC=(TTC)n	ID=DMD_DMD	MC_VCF=['22']
HG03831	ALT=TTCTTCTTCTTCTTCTTCTTCTTCTTCTTCTTCTTCTTCTTCTTCTTCTTCTTCTTCTTCTTCTTC	MOTIFS={'TTC'}	MOTIF=TTC	STRUC=(TTC)n	ID=DMD_DMD	MC_VCF=['22,23']
HG03831	ALT=TTCTTCTTCTTCTTCTTCTTCTTCTTCTTCTTCTTCTTCTTCTTCTTCTTCTTCTTCTTCTTCTTCTTC	MOTIFS={'TTC'}	MOTIF=TTC	STRUC=(TTC)n	ID=DMD_DMD	MC_VCF=['22,23']
HG03834	ALT=TTCTTCTTCTTCTTCTTCTTCTTCTTCTTCTTCTTCTTCTTCTTCTTCTTCTTCTTC	MOTIFS={'TTC'}	MOTIF=TTC	STRUC=(TTC)n	ID=DMD_DMD	MC_VCF=['19,21']
HG03834	ALT=TTCTTCTTCTTCTTCTTCTTCTTCTTCTTCTTCTTCTTCTTCTTCTTCTTCTTCTTCTTCTTC	MOTIFS={'TTC'}	MOTIF=TTC	STRUC=(TTC)n	ID=DMD_DMD	MC_VCF=['19,21']
HG03927	ALT=TTCTTCTTCTTCTTCTTCTTCTTCTTCTTC	MOTIFS={'TTC'}	MOTIF=TTC	STRUC=(TTC)n	ID=DMD_DMD	MC_VCF=['10,25']
HG03927	ALT=TTCTTCTTCTTCTTCTTCTTCTTCTTCTTCTTCTTCTTCTTCTTCTTCTTCTTCTTCTTCTTCTTCTTCTTCTTC	MOTIFS={'TTC'}	MOTIF=TTC	STRUC=(TTC)n	ID=DMD_DMD	MC_VCF=['10,25']
HG03942	ALT=TTCTTCTTCTTCTTCTTCTTCTTCTTCTTCTTCT	MOTIFS={'TTC'}	MOTIF=TTC	STRUC=(TTC)n	ID=DMD_DMD	MC_VCF=['12']
HG04115	ALT=TTCTTCTTCTTCTTCTTCTTCTTCTTCTTCTTCTTCTTCTTCTTC	MOTIFS={'TTC'}	MOTIF=TTC	STRUC=(TTC)n	ID=DMD_DMD	MC_VCF=['15']
HG04184	ALT=TTCTTCTTCTTCTTCTTCTTCTTCTTCTTCTTCTTCTTCTTCTTCTTCTTCTTCTTCTTCTTCTTC	MOTIFS={'TTC'}	MOTIF=TTC	STRUC=(TTC)n	ID=DMD_DMD	MC_VCF=['22,22']
HG04199	ALT=TTCTTCTTCTTCTTCTTCTTCTTCTTCTTCTTCTTCTTCTTCTTCTTCTTCTTCTTCTTCTTCTTCTTCTTCTTCTTCTTCTTCTTCTTCTTCTTC	MOTIFS={'TTC'}	MOTIF=TTC	STRUC=(TTC)n	ID=DMD_DMD	MC_VCF=['32']
HG04204	ALT=TTCTTCTTCTTCTTCTTCTTCTTCTTCTTCTTCTTCTTCTTCTTCTTCTTCTTCTTCTTC	MOTIFS={'TTC'}	MOTIF=TTC	STRUC=(TTC)n	ID=DMD_DMD	MC_VCF=['20']
HG04228	ALT=TTCTTCTTCTTCTTCTTCTTCTTCTTCTTCTTC	MOTIFS={'TTC'}	MOTIF=TTC	STRUC=(TTC)n	ID=DMD_DMD	MC_VCF=['11']
NA18747	ALT=TTCTTCTTCTTCTTCTTCTTCTTCTTCTTCTTCTTCTTCTTCTTCTTCTTCTTCTTCTTCTTCTTC	MOTIFS={'TTC'}	MOTIF=TTC	STRUC=(TTC)n	ID=DMD_DMD	MC_VCF=['22']
NA18971	ALT=TTCTTCTTCTTCTTCTTCTTCTTCTTCTTCTTCTTCTTCTTCTTCTTCTTCTTCTTCTTCTTCTTC	MOTIFS={'TTC'}	MOTIF=TTC	STRUC=(TTC)n	ID=DMD_DMD	MC_VCF=['22']
NA19043	ALT=TTTTTCTTCTTCTTCTTCTTTCTTCTTCCTTCTTCTTCCTTCTTCCTTCTTCTTCTTCTTCTTCTTCTTCTTCTTCTTCTTCTTCTTCTTCTTCTTCTTCTTCTTCTTCTTCTTCTTCTTCTTCTTCTTCTTCTTCTTCTTCTTCTTCTTCTTCTTCTTCTTCTTCTTCTTCTTCTTCTTCTTCTTCTTCTTCTTCTTCTTCTTCTTCTTCTTCTTCTTCTTCTTCTTCTTCTTCTTCTTCTTCTTCTTCTTCTTCTTCTTCTTCTTC	MOTIFS={'TTC'}	MOTIF=TTC	STRUC=(TTC)n	ID=DMD_DMD	MC_VCF=['91']
NA20752	ALT=TTCTTCTTCTTCTTCTTCTTCTTCTTCTTCTTCTTCTTCTTCTTCTTCTTCTTCTTCTTCTTCTTCTTC	MOTIFS={'TTC'}	MOTIF=TTC	STRUC=(TTC)n	ID=DMD_DMD	MC_VCF=['23']
NA20805	ALT=TTCTTCTTCTTCTTCTTCTTCTTCTTCTTCTTCTTCTTCTTCTTCTTCTTCTTCTTCTTCTTC	MOTIFS={'TTC'}	MOTIF=TTC	STRUC=(TTC)n	ID=DMD_DMD	MC_VCF=['21']
