Gene	UniqueMotifCount	Motifs
ID=SCA7_ATXN7	2	GCC, CAG
ID=DM2_CNBP	3	AC, AGGCAGGCAGGCAGGCAGGCAGGCAGGCAGAC, AGGC
ID=FAME4_YEATS2	3	TTTAT, TTATG, TGTTA
ID=HD_HTT	4	AGC, GCC, CCT, CCG
ID=CCHS_PHOX2B	2	GCT, GCC
ID=SCA17_TBP	2	CAA, CAG
ID=FRDA_FXN	3	GAA, AAG, A
ID=FTDALS1_C9orf72	3	GCCCCG, ACCGCA, CCCCGGGCCCGC
ID=SCA8_ATXN8OS	2	CTG, CTA
ID=OPMD_PABPN1	2	GCA, GCG
ID=DBQD2_XYLT1	7	GCC, CGCGG, GGGCGC, GC, AGG, AGGCGGG, AGGG
ID=CANVAS_RFC1	17	GAAAG, GGGAA, AAAGG, GGAAAG, GGAA, AAAGGG, AGGAA, A, AAGAG, GAAAA, GAAGA, AAGGG, GGGAAGGAA, GGAAAA, GGAAA, AAAGA, AAGGA
ID=SCA36_NOP56	2	GCCTGG, GCCTGC
ID=SCA27B_FGF14	2	AGC, GAA
ID=SCA31_BEAN1	3	ATAAC, ATAAA, A
ID=FAME2_STARD7	10	AAATAAATAAAATA, ATAAA, AAAAT, AAATAAAATAACATA, AAAAG, ACAAA, AACAT, ATAAC, AAATA, AACAC
ID=FAME1_SAMD12	2	ATAAC, AATAA
ID=SCA4_ZFHX3	3	CCGCCGCCACTGCCA, GCCACT, CCG
ID=NIID_NOTCH2NLC	2	GGA, GCG
ID=FAME7_RAPGEF2	2	TTTAT, TTATG
